employee_id,age,experience_years,role,work_hours_per_day,overtime_hours,attendance_rate,late_arrivals,meeting_hours,focus_time_hours,task_completion_rate,overdue_tasks,hours_logged,context_switches_per_day,after_hours_activity_ratio,collaboration_score,weekend_work_hours,daily_active_hours,work_life_balance_score,days_off_taken,sick_days,quality_score,interruptions_per_day,deep_work_blocks,task_switching_rate,urgent_tasks_percentage,team_engagement_score,burnout_risk_score,wellbeing_score,efficiency_score
EMP001,35,13,Developer,9.07,0.5,99.99,0,4.4,7.44,100.0,0,37.66,7.13,0.075,12.0,0.0,9.17,90.65,1,1,72.97,6,3,0.7857,17.32,43.55,0.31,65.1,68.6
EMP002,45,11,Developer,8.07,13.17,89.62,1,2.1,6.9,50.0,0,43.43,18.98,0.1429,4.67,5.57,10.71,78.35,2,0,51.86,2,3,2.3512,30.88,42.29,0.4327,76.15,42.5
EMP003,35,3,Manager,7.01,4.1,90.91,1,4.62,5.34,80.0,0,25.3,18.17,0.2381,8.33,0.0,7.84,100.0,3,0,83.82,3,2,2.5897,21.65,47.97,0.2091,81.36,7.47
EMP004,25,3,Developer,8.79,10.2,89.39,0,0.0,7.79,33.33,0,33.88,2.36,0.2778,7.33,3.17,10.83,77.35,1,0,92.97,3,3,0.2687,39.47,52.48,0.3064,73.59,52.51
EMP005,42,14,Manager,8.64,0.93,93.88,2,0.0,8.14,80.0,0,38.9,6.92,0.2051,5.0,0.0,8.82,93.42,0,0,57.39,3,4,0.801,21.92,51.41,0.2489,83.44,3.62
EMP006,32,2,Developer,7.23,1.04,86.04,5,6.48,5.44,66.67,0,27.71,4.5,0.1667,0.33,0.0,7.44,100.0,0,0,78.93,0,2,0.6219,34.87,82.19,0.097,82.68,60.66
EMP007,40,12,QA Engineer,7.72,4.91,79.45,1,6.11,5.5,0.0,0,40.19,2.99,0.2222,7.33,0.0,8.7,94.37,1,1,82.26,4,2,0.3868,10.03,84.0,0.208,85.93,0.02
EMP008,32,2,Manager,7.96,5.72,99.31,4,2.04,6.81,91.67,0,33.28,6.72,0.2143,2.67,2.29,9.11,91.12,0,0,95.15,1,3,0.8439,19.76,69.44,0.0474,89.14,7.26
EMP009,45,15,Senior Developer,9.01,0.66,96.54,2,5.18,7.48,0.0,0,42.54,6.28,0.2424,5.67,0.0,9.15,90.83,0,1,92.98,4,3,0.697,14.49,79.31,0.3879,74.46,38.55
EMP010,40,12,Developer,9.97,11.62,85.33,2,0.73,9.1,100.0,0,64.16,4.45,0.1167,13.33,6.61,11.91,68.72,0,0,82.28,4,4,0.4464,14.11,51.11,0.4224,65.44,72.58
EMP011,32,4,Manager,10.06,6.85,96.13,1,2.2,9.12,0.0,0,40.96,13.75,0.2708,6.67,1.96,11.43,72.57,0,1,70.65,2,4,1.3672,26.84,57.75,0.3957,66.27,7.57
EMP012,35,5,Tech Lead,7.86,0.25,62.55,0,3.38,6.18,100.0,0,37.15,4.54,0.1316,8.67,0.0,7.91,100.0,2,0,65.63,4,3,0.5776,13.53,68.99,0.2018,79.28,69.38
EMP013,25,3,Developer,7.69,7.27,85.48,2,1.92,6.37,66.67,0,43.34,2.9,0.1481,8.67,3.94,8.9,92.79,0,0,79.85,2,3,0.3771,13.24,74.98,0.198,78.21,60.54
EMP014,38,10,Senior Developer,10.19,6.16,99.09,1,2.71,9.15,33.33,0,47.5,4.63,0.209,3.67,2.15,11.42,72.6,0,0,45.42,3,4,0.4544,24.74,81.12,0.4354,79.15,45.96
EMP015,40,8,Senior Developer,7.35,0.12,84.16,3,4.76,5.65,100.0,0,36.33,3.21,0.1556,5.33,0.0,7.37,100.0,0,2,89.84,2,2,0.4365,38.47,61.4,0.2591,77.39,66.46
EMP016,28,4,Developer,11.39,4.71,87.57,1,1.42,10.0,0.0,0,74.09,4.85,0.0789,3.0,0.0,12.17,66.6,0,0,83.84,2,5,0.4262,27.4,86.1,0.2954,83.85,53.09
EMP017,42,5,Manager,7.12,13.96,86.96,1,0.0,6.12,100.0,0,34.4,2.36,0.234,4.67,7.5,9.91,84.69,0,0,72.96,6,3,0.3309,38.24,53.38,0.1634,70.47,12.15
EMP018,28,1,Developer,6.66,4.79,93.55,0,5.32,4.85,100.0,0,30.49,3.11,0.098,5.67,0.0,7.62,100.0,0,0,81.91,1,2,0.4661,25.45,31.48,0.2485,61.75,57.86
EMP019,25,1,Designer,8.81,2.04,97.24,1,3.44,7.12,100.0,0,43.69,8.24,0.1731,6.0,0.0,9.22,90.24,0,0,89.81,2,3,0.9351,33.3,51.71,0.0978,75.82,1.67
EMP020,40,11,Tech Lead,8.3,10.79,61.61,0,4.58,6.63,40.0,1,40.7,2.69,0.08,5.0,4.83,10.45,80.36,2,0,90.33,1,3,0.3245,26.42,71.92,0.562,76.34,48.08
EMP021,38,14,Developer,9.96,0.44,74.63,2,0.99,9.01,100.0,0,39.6,4.17,0.1364,3.33,0.0,10.05,83.61,1,1,81.03,0,4,0.419,32.71,89.18,0.3728,84.07,67.46
EMP022,25,2,Designer,9.02,3.74,99.75,1,2.63,7.75,50.0,0,37.2,3.96,0.125,5.67,0.0,9.77,85.84,0,0,59.59,4,3,0.4392,13.97,60.34,0.368,68.43,17.15
EMP023,42,15,Senior Developer,10.06,0.47,96.52,0,3.54,8.6,0.0,0,35.91,8.36,0.1111,7.33,0.0,10.15,82.77,1,0,97.36,4,4,0.831,27.76,67.56,0.4437,78.61,42.03
EMP024,35,2,Tech Lead,6.83,8.15,97.27,4,6.0,5.13,80.0,0,32.3,13.29,0.1212,8.33,4.09,8.46,96.29,0,0,95.25,3,2,1.9448,22.98,86.15,0.3401,85.84,59.6
EMP025,42,16,Designer,9.82,2.08,99.67,2,1.01,9.12,100.0,0,50.02,12.13,0.2558,5.67,0.0,10.24,82.11,0,0,61.86,3,4,1.2345,38.16,71.86,0.3734,82.16,0.11
EMP026,32,3,Manager,6.66,1.64,98.28,0,3.55,5.45,66.67,0,25.14,4.71,0.2373,11.0,0.0,6.99,100.0,0,0,78.24,4,2,0.7073,36.14,79.81,0.1897,88.72,0.0
EMP027,30,2,Senior Developer,8.52,6.38,90.54,2,2.19,7.08,50.0,0,44.49,6.09,0.2,4.33,3.37,9.8,85.64,0,1,56.53,1,3,0.7148,14.67,54.95,0.38,72.18,48.63
EMP028,35,2,Senior Developer,9.14,10.17,96.6,2,3.67,7.66,66.67,0,39.87,4.18,0.1176,5.0,3.99,11.17,74.6,1,0,44.05,4,3,0.4568,37.86,72.84,0.2887,74.79,52.43
EMP029,42,6,Developer,6.01,0.06,94.6,5,1.11,5.07,100.0,0,32.23,11.49,0.1613,8.33,0.0,6.02,100.0,1,0,81.91,1,2,1.9134,19.13,57.75,0.0,73.93,66.91
EMP030,35,4,Manager,9.45,2.13,85.21,1,7.37,7.72,50.0,0,40.13,3.24,0.1364,0.67,0.0,9.8,85.56,1,1,72.97,0,3,0.3432,15.63,43.05,0.3532,73.27,5.84
EMP031,25,3,Senior Developer,11.01,1.21,83.86,3,0.63,10.0,75.0,0,54.29,8.65,0.2414,4.67,0.0,11.21,74.29,1,0,60.7,1,5,0.7851,35.05,68.22,0.4253,71.57,61.72
EMP032,40,1,Developer,8.05,3.58,93.12,1,4.53,6.15,100.0,0,33.7,3.81,0.1017,8.67,0.0,8.77,93.87,0,1,86.12,4,3,0.4729,20.25,30.52,0.4463,65.58,59.09
EMP033,32,8,Senior Developer,8.03,4.82,94.4,2,3.99,6.86,100.0,0,52.2,13.77,0.1786,4.33,0.0,8.83,93.36,0,1,83.93,2,3,1.7161,28.43,56.27,0.3174,73.18,69.47
EMP034,38,14,Senior Developer,8.53,1.29,98.84,2,5.72,6.64,60.0,0,36.99,2.87,0.2807,10.33,0.0,8.79,93.68,1,1,65.64,3,3,0.3361,25.84,67.83,0.188,83.9,51.71
EMP035,38,5,Developer,8.68,4.18,96.87,1,2.87,7.35,66.67,0,41.27,4.96,0.1316,6.0,0.0,9.51,87.9,1,0,81.7,1,3,0.5714,23.28,80.67,0.1435,86.08,62.59
EMP036,28,6,Senior Developer,9.97,1.34,80.89,3,2.23,8.53,100.0,0,46.54,15.92,0.2769,10.67,0.0,10.24,82.07,1,0,75.22,5,4,1.5967,31.83,65.04,0.5041,74.14,68.39
EMP037,40,2,QA Engineer,9.26,3.68,75.13,1,7.4,7.28,83.33,0,44.93,4.46,0.1111,1.33,0.0,9.99,84.05,0,0,57.16,2,3,0.4813,37.89,41.45,0.5612,70.19,5.33
EMP038,25,2,Tech Lead,9.12,3.47,88.73,1,6.15,7.39,83.33,0,47.63,9.97,0.2143,5.67,0.0,9.81,85.51,0,0,94.1,3,3,1.0932,37.95,49.41,0.317,72.3,68.8
EMP039,30,2,Tech Lead,7.09,2.39,69.67,2,3.91,5.3,75.0,0,32.42,2.22,0.1712,6.67,0.0,7.56,100.0,0,0,76.21,4,2,0.3129,12.2,60.09,0.1008,76.1,61.53
EMP040,32,10,Developer,6.59,2.16,90.89,2,2.18,5.41,100.0,0,25.22,8.43,0.2414,9.67,0.0,7.03,100.0,1,2,62.66,4,2,1.2787,15.12,69.04,0.0,87.35,66.18
EMP041,30,6,Senior Developer,9.9,0.24,59.2,2,3.39,8.47,33.33,0,42.63,4.44,0.1702,8.0,0.0,9.95,84.41,0,0,87.15,3,4,0.4485,14.52,29.06,0.4432,66.87,54.54
EMP042,30,5,Developer,9.24,9.37,88.57,5,3.99,7.94,50.0,0,38.38,9.58,0.1613,6.33,4.61,11.11,75.08,0,0,76.32,2,3,1.0371,21.83,60.04,0.488,72.55,60.17
EMP043,35,1,Senior Developer,9.63,5.46,86.45,0,5.4,7.98,80.0,0,43.74,11.24,0.1905,7.67,2.14,10.54,79.64,0,0,67.79,4,3,1.1669,33.64,79.81,0.4542,68.18,62.36
EMP044,45,7,Developer,8.31,2.58,89.89,0,2.87,7.24,73.33,1,29.83,3.37,0.2581,2.0,0.0,8.83,93.39,1,0,58.54,1,3,0.4058,14.51,73.47,0.3503,82.11,88.82
EMP045,35,4,Developer,9.43,5.4,88.61,3,2.61,7.91,50.0,0,39.31,7.42,0.1373,8.33,1.31,10.51,79.9,1,1,82.26,2,3,0.787,34.71,87.86,0.2722,83.54,55.94
EMP046,30,3,Designer,8.23,9.35,77.66,1,2.02,6.83,91.67,0,35.26,13.23,0.15,1.0,4.1,10.11,83.16,0,0,65.42,0,3,1.6062,31.13,64.01,0.2431,74.58,0.14
EMP047,32,8,Tech Lead,7.96,14.76,85.67,0,0.74,7.06,75.0,0,34.5,4.07,0.0,2.0,4.9,10.91,76.69,2,2,89.74,0,3,0.5108,14.7,29.85,0.3566,70.44,66.56
EMP048,48,11,Developer,8.47,1.01,98.12,1,0.0,7.47,87.5,0,34.05,6.8,0.25,3.67,0.0,8.67,94.61,0,0,83.76,1,3,0.8031,16.44,53.27,0.2789,78.39,87.28
EMP049,28,6,Senior Developer,9.19,1.99,77.7,3,2.79,8.13,71.43,0,50.39,2.22,0.1444,9.33,0.0,9.59,87.32,1,1,77.17,7,4,0.2413,29.14,36.64,0.3297,76.94,68.06
EMP050,38,7,Manager,8.98,3.19,93.6,2,1.27,7.97,100.0,0,32.17,4.07,0.2069,11.67,0.0,9.62,87.06,1,0,95.58,8,3,0.4532,32.38,65.44,0.0371,90.43,13.1
EMP051,40,17,Developer,8.67,3.88,69.98,3,0.0,7.92,50.0,0,42.52,8.37,0.2361,18.33,0.0,9.45,88.43,0,0,78.75,9,3,0.9655,34.32,86.52,0.1981,88.54,60.35
EMP052,30,3,Developer,7.41,12.13,59.55,0,2.61,6.14,66.67,0,26.96,13.28,0.1692,8.0,4.07,9.83,85.33,0,0,70.05,5,3,1.7927,12.18,71.36,0.4319,70.99,52.22
EMP053,30,6,Tech Lead,7.54,2.66,91.23,1,5.8,5.88,50.0,1,34.44,3.02,0.1111,7.67,0.0,8.07,99.42,1,0,78.5,6,2,0.4007,13.96,83.62,0.1731,77.99,51.27
EMP054,45,21,Developer,7.08,2.61,75.34,1,4.94,5.76,80.0,0,41.14,9.59,0.15,9.0,0.0,7.52,100.0,0,1,96.84,4,2,1.3534,24.26,51.85,0.3181,71.33,75.08
EMP055,38,6,Senior Developer,10.2,2.11,97.38,2,6.65,8.12,100.0,0,52.52,2.68,0.1186,8.33,0.0,10.63,78.98,0,0,92.62,3,4,0.2629,28.22,64.09,0.516,59.88,62.68
EMP056,42,2,Designer,7.09,3.64,68.35,4,0.52,6.48,50.0,0,32.34,6.93,0.1207,9.0,0.0,7.81,100.0,1,0,91.06,4,3,0.9784,35.81,38.24,0.0,77.04,2.68
EMP057,40,18,Developer,11.2,10.13,93.76,1,6.53,9.14,0.0,0,54.37,9.87,0.0833,11.33,2.24,13.22,58.2,1,0,93.31,6,4,0.8813,24.81,70.04,0.5202,74.46,35.33
EMP058,45,20,Tech Lead,7.69,1.88,94.14,4,1.34,6.92,100.0,0,27.31,11.4,0.2222,8.0,0.0,8.07,99.47,1,0,84.7,2,3,1.4827,25.63,49.35,0.0146,81.25,67.97
EMP059,48,11,Tech Lead,8.95,10.37,95.79,1,3.54,7.61,75.0,0,47.69,4.65,0.2222,4.0,5.7,10.68,78.59,1,0,75.68,1,3,0.5192,20.93,56.82,0.4906,71.57,58.3
EMP060,48,11,Senior Developer,9.2,3.16,91.49,3,2.26,8.25,44.44,1,42.33,2.4,0.1429,2.67,0.0,9.83,85.33,1,1,77.96,1,4,0.2605,10.3,43.67,0.2858,73.82,62.45
EMP061,30,1,Designer,9.44,2.24,96.03,5,4.79,7.48,100.0,0,45.68,9.58,0.1389,5.0,0.0,9.88,84.93,1,1,95.17,1,3,1.0153,34.79,38.88,0.3184,84.17,9.51
EMP062,45,21,Developer,8.04,2.17,99.87,0,10.06,5.53,60.0,0,40.4,8.1,0.1613,8.0,0.0,8.48,96.19,0,0,65.59,3,2,1.0068,23.09,80.69,0.5084,74.64,43.7
EMP063,42,17,Senior Developer,8.33,0.57,98.12,0,4.51,6.42,75.0,0,32.46,8.53,0.1136,10.0,0.0,8.44,96.48,1,0,93.94,4,3,1.0249,17.13,59.28,0.3638,80.23,61.9
EMP064,48,1,Senior Developer,11.36,4.66,93.41,3,1.4,10.0,66.67,0,42.54,2.14,0.1884,3.67,0.0,12.29,65.7,0,1,57.84,3,5,0.1884,14.35,61.38,0.242,78.44,60.12
EMP065,35,13,Developer,7.34,2.51,78.46,2,1.3,6.58,50.0,0,34.85,8.28,0.2424,2.33,0.0,7.84,100.0,2,0,81.33,1,3,1.1285,13.0,54.67,0.0,92.04,52.62
EMP066,40,15,Senior Developer,8.21,2.8,62.03,1,3.07,6.59,57.14,0,34.11,2.47,0.2308,7.0,0.0,8.77,93.84,0,1,65.05,0,3,0.3008,30.03,53.67,0.1653,87.01,61.33
EMP067,40,10,Senior Developer,6.1,13.08,94.21,2,1.84,5.23,0.0,0,24.18,13.52,0.25,9.33,6.69,8.71,94.29,1,0,86.29,4,2,2.217,24.75,72.83,0.3011,79.1,41.94
EMP068,42,12,Developer,6.65,12.91,90.61,1,7.87,4.32,66.67,0,34.3,8.16,0.1579,9.0,4.62,9.23,90.17,0,1,62.03,4,2,1.2274,18.1,61.19,0.5918,75.55,40.35
EMP069,35,1,Senior Developer,6.47,3.81,87.91,1,1.18,5.24,100.0,0,33.85,4.97,0.0833,3.33,0.0,7.24,100.0,0,0,55.46,1,2,0.7674,16.26,68.38,0.242,83.9,69.09
EMP070,30,7,Manager,9.69,4.89,75.07,3,0.94,9.01,66.67,0,38.82,4.54,0.2093,5.33,0.0,10.67,78.64,0,1,80.22,3,4,0.4682,30.13,54.5,0.1584,75.96,0.0
EMP071,35,5,Manager,8.87,6.09,97.02,2,2.2,7.75,100.0,0,47.73,12.03,0.3243,8.67,3.24,9.88,84.92,0,0,89.1,5,3,1.3567,22.01,48.54,0.3833,75.16,6.65
EMP072,42,1,Tech Lead,7.4,1.47,96.76,1,4.42,5.51,57.14,0,31.3,6.74,0.2698,8.33,0.0,7.69,100.0,1,0,75.49,5,2,0.9107,14.4,69.06,0.1368,92.12,59.3
EMP073,42,19,Developer,8.1,0.94,81.03,0,1.44,7.06,75.0,0,44.25,14.07,0.1667,6.67,0.0,8.29,97.71,0,0,75.3,6,3,1.7381,18.75,54.64,0.139,83.26,80.09
EMP074,45,13,Designer,6.14,3.9,90.66,0,4.12,4.45,100.0,0,35.47,3.48,0.2167,10.0,0.0,6.79,100.0,1,0,80.04,3,2,0.5675,28.56,52.11,0.2723,80.49,6.01
EMP075,32,9,Developer,9.01,0.61,94.08,3,4.19,7.17,50.0,0,32.69,3.8,0.1609,10.0,0.0,9.13,90.95,0,0,70.25,4,3,0.4221,30.65,66.48,0.2019,85.75,47.7
EMP076,28,6,Manager,7.2,1.95,93.8,3,1.4,6.17,60.0,0,34.67,10.95,0.2,5.67,0.0,7.59,100.0,0,0,77.58,2,3,1.5196,15.48,48.01,0.0,87.17,0.49
EMP077,35,3,Senior Developer,7.33,0.52,89.18,0,6.78,5.48,66.67,0,27.88,2.28,0.225,8.33,0.0,7.44,100.0,0,1,79.26,3,2,0.311,33.05,56.45,0.3547,74.93,59.68
EMP078,52,30,Tech Lead,9.51,0.55,93.28,0,2.58,8.5,71.43,0,38.2,4.66,0.0588,2.33,0.0,9.62,87.03,1,1,68.22,0,4,0.4899,39.43,62.98,0.3196,77.38,66.61
EMP079,45,13,Designer,7.92,2.5,85.9,1,6.34,5.9,50.0,0,33.97,6.63,0.2,4.0,0.0,8.42,96.66,0,0,82.68,5,2,0.8371,28.92,75.1,0.2293,82.36,2.66
EMP080,35,10,Senior Developer,9.73,14.56,84.61,1,8.84,6.96,50.0,0,46.32,12.81,0.0952,4.0,4.13,12.64,62.86,0,0,56.14,2,3,1.3171,23.88,73.03,0.6122,66.0,39.58
EMP081,30,5,Developer,8.97,1.23,90.16,0,3.17,7.34,50.0,0,36.89,4.03,0.14,12.33,0.0,9.22,90.25,0,0,81.49,13,3,0.4488,39.34,33.09,0.2513,73.0,51.39
EMP082,30,6,QA Engineer,8.38,1.2,96.68,0,8.35,5.96,100.0,0,41.9,3.4,0.1389,3.67,0.0,8.62,95.02,0,0,69.0,2,2,0.4062,26.05,74.15,0.3111,75.18,4.82
EMP083,30,2,Designer,9.68,0.73,92.57,2,0.7,8.79,100.0,0,41.07,4.77,0.2353,7.33,0.0,9.83,85.38,2,0,64.49,2,4,0.4931,20.97,69.2,0.2101,85.68,11.6
EMP084,35,11,Developer,9.98,3.55,96.68,2,0.0,8.98,40.0,0,39.76,3.14,0.2698,6.33,0.0,10.69,78.51,1,1,87.76,4,4,0.3144,29.52,75.29,0.2085,84.03,54.98
EMP085,50,1,Designer,6.1,0.08,65.51,1,1.43,5.07,100.0,0,26.22,9.56,0.16,12.33,0.0,6.12,100.0,0,0,87.07,7,2,1.5656,10.34,62.9,0.0,92.89,6.8
EMP086,35,4,Senior Developer,9.96,5.26,87.94,0,2.93,8.88,57.14,0,50.99,5.84,0.2759,7.33,1.54,11.02,75.86,0,0,36.55,4,4,0.5862,23.9,50.8,0.3581,73.49,56.12
EMP087,38,11,Designer,6.72,2.63,89.37,4,0.77,5.81,50.0,0,34.16,7.08,0.2222,4.33,0.0,7.24,100.0,0,0,75.32,3,2,1.0546,21.8,31.57,0.1279,78.76,10.66
EMP088,32,7,Manager,9.58,4.71,79.91,0,1.05,8.37,100.0,0,33.7,2.67,0.2708,9.67,0.0,10.52,79.87,0,0,82.45,3,4,0.2789,26.39,78.02,0.471,78.04,7.0
EMP089,25,3,Developer,8.79,10.31,96.59,1,5.97,7.1,100.0,0,41.82,8.31,0.2609,2.0,2.65,10.85,77.19,2,0,95.7,2,3,0.9454,13.99,71.57,0.5624,68.79,61.84
EMP090,35,9,Tech Lead,8.06,5.46,89.89,1,0.0,7.06,0.0,0,32.01,4.99,0.0926,7.33,2.58,9.15,90.78,0,0,69.05,3,3,0.6189,31.21,67.23,0.0,79.14,41.79
EMP091,28,6,Developer,8.76,9.29,95.46,3,3.57,7.55,66.67,0,43.38,7.98,0.1,1.0,4.12,10.62,79.04,0,0,65.82,0,3,0.9108,26.34,69.19,0.448,63.87,54.39
EMP092,45,23,Senior Developer,7.22,4.73,90.11,2,6.03,5.46,100.0,0,39.43,2.14,0.1607,11.67,0.0,8.01,99.94,1,0,73.16,4,2,0.2969,24.74,89.12,0.3491,99.91,50.49
EMP093,45,18,Senior Developer,8.53,0.99,95.23,3,3.48,7.45,0.0,0,37.39,4.57,0.1429,9.33,0.0,8.7,94.41,0,1,87.91,2,3,0.5354,18.06,81.45,0.2803,87.42,39.58
EMP094,35,1,Senior Developer,8.72,0.83,69.51,2,5.72,7.27,50.0,0,56.6,8.65,0.25,11.33,0.0,8.86,93.12,1,1,85.49,3,3,0.992,36.84,61.98,0.3792,76.54,57.17
EMP095,42,14,Senior Developer,8.5,10.55,97.53,2,5.66,6.62,50.0,0,35.8,10.91,0.1429,5.67,6.05,10.61,79.14,0,0,87.03,3,3,1.2843,24.75,58.47,0.3632,67.39,46.08
EMP096,35,4,Senior Developer,9.23,4.38,87.65,4,1.11,8.01,50.0,0,36.5,11.74,0.1212,5.67,0.0,10.1,83.17,0,1,91.59,3,4,1.2726,36.89,65.64,0.2762,79.89,59.76
EMP097,35,2,Tech Lead,6.42,4.1,97.54,2,1.79,5.06,33.33,0,29.25,3.35,0.1757,3.33,0.0,7.24,100.0,1,2,94.85,2,2,0.5224,23.35,65.44,0.1019,79.02,54.66
EMP098,50,1,Manager,7.7,4.85,96.33,0,6.37,5.92,57.14,1,38.37,7.49,0.1395,4.67,0.0,8.67,94.65,0,0,88.78,3,2,0.9728,37.29,57.53,0.3286,85.56,3.28
EMP099,40,18,Senior Developer,8.66,4.39,98.08,2,10.74,5.76,42.86,0,46.86,2.36,0.2069,4.67,0.0,9.54,87.7,0,0,81.13,1,2,0.2722,29.71,66.23,0.6047,72.35,43.08
EMP100,45,22,Manager,8.58,3.5,90.73,2,1.89,7.7,100.0,0,44.95,4.54,0.2963,4.67,0.0,9.28,89.74,0,0,90.4,2,3,0.5288,28.89,65.53,0.1837,86.17,3.86
EMP101,40,1,Tech Lead,9.36,9.7,94.17,0,2.97,8.11,100.0,0,50.07,8.32,0.0976,2.33,2.79,10.97,76.22,0,0,60.82,1,4,0.8888,22.25,66.3,0.4469,73.25,64.31
EMP102,30,1,Tech Lead,7.9,4.81,97.97,1,1.3,6.89,100.0,0,27.66,12.66,0.2571,10.0,0.0,8.86,93.14,0,0,84.59,2,3,1.603,33.1,86.22,0.4311,91.22,64.43
EMP103,50,13,Tech Lead,9.51,3.82,93.2,3,7.99,7.17,100.0,0,42.13,4.56,0.1707,2.67,0.0,10.28,81.77,0,0,75.07,1,3,0.4796,35.58,73.56,0.6081,75.1,62.1
EMP104,35,4,Developer,9.12,2.77,86.29,1,12.09,6.2,100.0,0,47.05,6.53,0.25,14.67,0.0,9.67,86.64,0,0,71.2,5,3,0.7167,38.21,65.77,0.6011,73.58,65.43
EMP105,35,12,Developer,8.31,4.5,98.0,0,1.69,7.22,50.0,0,29.46,13.29,0.0857,9.67,0.0,9.21,90.32,1,0,71.49,5,3,1.5997,21.79,74.43,0.2735,86.38,55.39
EMP106,48,4,Senior Developer,9.43,1.48,98.05,0,1.47,8.69,88.89,0,45.75,9.88,0.0889,5.0,0.0,9.68,86.58,1,0,88.89,0,4,1.0472,22.24,59.36,0.275,81.4,79.85
EMP107,35,7,Developer,6.85,8.58,87.1,2,0.66,5.99,100.0,0,41.9,8.99,0.3,9.0,3.94,8.28,97.76,0,0,66.57,3,2,1.3128,31.77,44.4,0.2833,71.65,63.86
EMP108,28,6,Developer,9.87,2.95,76.43,0,7.09,7.94,33.33,0,58.6,3.77,0.0943,7.33,0.0,10.36,81.12,2,1,91.58,5,3,0.3823,13.37,46.96,0.4019,69.55,42.66
EMP109,40,15,QA Engineer,7.88,3.3,76.02,4,3.0,6.78,0.0,0,31.53,3.2,0.1714,6.0,0.0,8.54,95.7,0,0,90.64,4,3,0.4057,30.88,64.86,0.1709,80.54,9.15
EMP110,38,12,Tech Lead,6.35,4.67,99.33,2,2.53,5.34,40.0,1,32.9,2.65,0.1556,3.33,0.0,7.28,100.0,1,0,77.74,2,2,0.4183,24.78,82.24,0.1892,92.45,53.56
EMP111,32,1,Manager,9.7,1.3,81.56,1,5.47,7.61,50.0,0,44.9,14.53,0.1017,7.67,0.0,9.96,84.31,1,1,90.01,4,3,1.498,28.23,44.05,0.3094,64.28,12.02
EMP112,32,2,Senior Developer,7.98,4.88,95.97,1,0.73,7.33,100.0,0,33.29,6.25,0.1892,6.67,0.0,8.95,92.36,0,0,70.7,2,3,0.7828,35.7,74.81,0.3167,86.97,70.79
EMP113,32,1,QA Engineer,7.74,0.57,87.62,0,4.21,6.15,100.0,0,31.15,4.65,0.087,4.33,0.0,7.86,100.0,1,0,71.27,1,3,0.601,39.87,85.8,0.1967,97.24,18.32
EMP114,40,9,Manager,8.46,13.24,80.84,1,3.57,7.25,81.82,0,36.21,4.79,0.28,3.67,3.67,11.11,75.11,1,0,83.13,2,3,0.5663,32.71,60.13,0.3951,67.99,1.34
EMP115,48,19,Senior Developer,6.0,0.91,94.1,1,4.45,4.51,53.85,2,32.32,6.1,0.25,4.33,0.0,6.15,100.0,0,0,76.36,2,2,1.0166,16.88,87.68,0.2423,87.02,67.77
EMP116,48,14,Tech Lead,8.16,0.38,70.83,3,9.56,5.5,100.0,0,39.49,8.19,0.1923,10.67,0.0,8.24,98.1,1,0,45.15,5,2,1.003,27.41,79.94,0.6387,76.27,52.66
EMP117,25,2,Developer,8.59,0.75,87.91,0,8.79,6.08,60.0,0,40.13,11.17,0.0816,6.0,0.0,8.74,94.09,0,0,65.91,1,3,1.3007,24.97,53.65,0.4615,71.92,54.97
EMP118,42,12,Designer,7.33,2.93,98.85,0,9.07,4.76,50.0,0,25.84,4.95,0.234,8.67,0.0,7.91,100.0,0,1,82.99,4,2,0.6759,13.86,64.63,0.4575,79.17,1.67
EMP119,35,3,Tech Lead,9.95,3.3,98.96,2,1.22,8.96,33.33,0,52.02,4.93,0.2222,13.0,0.0,10.61,79.1,0,1,73.26,7,4,0.4954,36.86,72.27,0.3562,80.48,48.5
EMP120,28,2,Tech Lead,8.58,8.74,95.31,0,3.67,6.84,100.0,0,42.45,4.2,0.1081,2.33,5.19,10.32,81.4,0,1,79.66,1,3,0.4894,16.85,68.04,0.3218,70.06,63.26
EMP121,40,6,Developer,7.54,2.44,85.84,1,2.45,6.3,75.0,0,36.93,7.62,0.2115,7.67,0.0,8.02,99.8,1,0,84.12,6,3,1.0117,28.91,59.43,0.3989,78.31,72.01
EMP122,42,11,Developer,9.54,2.17,97.69,3,3.23,8.14,66.67,0,51.33,4.37,0.1333,5.0,0.0,9.97,84.22,2,1,90.69,3,4,0.4585,18.28,82.86,0.1433,80.47,63.8
EMP123,30,1,Developer,10.36,0.33,91.45,1,1.7,9.52,100.0,0,38.48,13.64,0.2759,5.0,0.0,10.43,80.59,2,0,87.13,2,4,1.3167,14.75,80.4,0.2636,66.58,71.18
EMP124,30,6,Developer,10.24,0.31,81.94,1,4.25,8.89,50.0,0,40.48,13.75,0.1667,2.0,0.0,10.3,81.61,0,1,81.41,1,4,1.3437,35.3,69.17,0.1952,79.61,65.53
EMP125,35,3,Senior Developer,8.71,7.2,66.35,2,0.5,7.86,50.0,2,30.84,10.66,0.1613,4.33,2.92,10.15,82.78,1,1,61.13,2,3,1.2234,31.19,41.01,0.3473,68.23,65.5
EMP126,35,6,Manager,9.87,2.29,91.1,0,6.72,8.25,66.67,0,51.94,4.19,0.2759,5.67,0.0,10.25,82.01,0,1,94.43,6,4,0.4249,10.1,37.72,0.5273,71.67,3.19
EMP127,35,2,Designer,7.02,13.47,94.81,0,6.72,4.93,50.0,0,26.35,4.02,0.1852,5.67,3.2,9.72,86.27,0,1,85.33,2,2,0.5727,13.68,77.45,0.7106,63.08,9.08
EMP128,42,3,Senior Developer,9.72,3.61,87.51,4,2.68,8.44,66.67,0,52.25,9.39,0.2174,3.67,0.0,10.45,80.44,0,0,91.5,1,4,0.9654,23.75,56.52,0.5804,70.53,56.93
EMP129,32,3,Developer,8.42,2.93,99.93,2,4.91,6.69,80.0,0,40.4,3.19,0.1111,4.67,0.0,9.01,91.95,0,0,82.38,1,3,0.379,15.6,53.35,0.2814,84.96,62.59
EMP130,35,4,Senior Developer,9.64,0.4,97.74,4,4.14,8.06,75.0,0,46.11,4.9,0.2361,8.33,0.0,9.72,86.23,0,1,57.45,3,4,0.5087,29.38,94.9,0.5492,75.43,58.37
EMP131,38,16,Developer,8.0,0.53,85.89,0,9.65,5.07,60.0,0,39.73,9.84,0.1408,9.0,0.0,8.1,99.16,0,1,47.64,4,2,1.2295,33.63,62.12,0.3348,81.96,48.29
EMP132,32,3,Tech Lead,8.13,5.8,93.58,0,7.19,5.93,0.0,0,46.97,9.93,0.2333,10.67,1.94,9.1,91.22,0,0,67.31,4,2,1.221,39.69,58.16,0.4681,76.51,32.96
EMP133,32,4,Developer,7.73,1.61,93.95,0,1.38,6.7,0.0,0,33.23,11.85,0.2432,8.33,0.0,8.05,99.6,0,0,62.79,3,3,1.5328,28.17,65.8,0.2776,88.49,36.95
EMP134,38,8,Manager,8.26,0.53,80.59,2,3.51,6.81,0.0,0,37.63,8.57,0.2,4.33,0.0,8.37,97.06,1,1,91.23,1,3,1.0375,29.8,45.6,0.303,82.3,5.6
EMP135,42,14,Manager,6.39,11.94,87.86,2,3.64,5.16,100.0,0,32.63,9.89,0.1463,5.0,3.27,8.78,93.75,0,0,83.26,3,2,1.5465,10.39,73.38,0.2715,85.79,10.35
EMP136,30,4,Senior Developer,8.36,0.12,98.53,1,4.85,6.89,0.0,0,36.12,9.4,0.1304,6.0,0.0,8.39,96.9,2,0,73.68,4,3,1.124,23.08,52.95,0.3061,81.2,35.03
EMP137,32,1,Designer,7.28,5.1,77.46,2,2.97,5.68,100.0,0,38.13,2.92,0.1633,2.67,2.39,8.3,97.62,2,1,79.16,2,2,0.4018,30.52,74.67,0.2217,73.42,0.0
EMP138,30,8,Tech Lead,9.34,0.65,98.92,1,4.18,7.75,0.0,0,46.23,7.53,0.0833,4.67,0.0,9.47,88.24,2,0,83.23,2,3,0.8063,12.28,58.93,0.2063,75.15,48.39
EMP139,48,25,Developer,7.37,4.19,99.84,1,8.63,5.44,33.33,0,46.43,6.73,0.2619,9.0,0.0,8.07,99.43,0,0,83.32,4,2,0.9129,18.48,63.12,0.5354,71.95,36.42
EMP140,35,12,QA Engineer,8.27,11.88,83.14,1,2.3,7.31,0.0,0,32.36,4.45,0.22,5.67,4.55,10.65,78.82,1,0,71.27,4,3,0.538,34.08,73.03,0.5811,65.87,4.59
EMP141,45,11,Developer,7.96,3.74,92.73,2,1.5,7.16,85.71,0,30.96,5.84,0.2105,9.33,0.0,8.71,94.33,0,0,62.68,2,3,0.7334,24.23,29.39,0.3339,77.69,75.28
EMP142,28,3,Designer,7.1,1.4,80.92,0,2.43,6.12,75.0,0,38.82,14.13,0.0909,2.67,0.0,7.38,100.0,1,0,88.29,1,3,1.9895,21.75,51.21,0.1455,82.06,9.7
EMP143,50,6,Developer,8.42,4.79,82.89,2,3.17,6.78,55.56,0,42.55,4.36,0.1449,8.0,0.0,9.37,89.01,4,0,91.31,5,3,0.5183,10.97,55.51,0.3182,74.47,65.03
EMP144,45,19,Designer,9.69,4.52,88.8,3,5.8,8.04,66.67,0,42.05,6.82,0.2115,8.33,0.0,10.6,79.21,0,0,82.07,7,4,0.703,30.85,72.83,0.5354,63.22,0.0
EMP145,28,1,Senior Developer,8.12,3.85,96.94,1,2.19,7.01,50.0,0,51.87,14.86,0.2,5.67,0.0,8.76,93.89,0,0,90.09,2,3,1.8293,25.73,78.98,0.2383,78.08,63.08
EMP146,48,5,Manager,9.82,6.71,98.02,2,4.4,8.19,60.0,0,35.01,3.01,0.2727,5.0,2.48,11.16,74.74,3,0,74.58,1,4,0.307,22.25,49.59,0.4383,75.3,3.69
EMP147,42,1,Developer,9.65,4.7,99.27,3,8.21,7.51,50.0,0,40.22,2.1,0.2833,12.33,0.0,10.59,79.29,1,0,81.3,6,3,0.2176,31.01,54.02,0.5128,76.01,49.79
EMP148,35,8,Designer,8.88,2.09,73.42,1,2.32,7.67,100.0,0,39.48,4.27,0.0909,1.33,0.0,9.3,89.59,1,1,71.42,1,3,0.4803,31.57,70.15,0.2729,78.51,0.0
EMP149,42,15,Developer,8.16,9.81,93.44,0,5.43,6.58,66.67,0,33.98,6.03,0.2317,8.67,3.12,10.13,83.0,0,0,75.68,9,3,0.7383,18.65,34.57,0.395,70.73,55.28
EMP150,35,8,Senior Developer,9.24,4.78,96.65,1,1.98,8.16,100.0,0,40.1,14.84,0.1364,3.0,0.0,10.04,83.7,1,0,95.76,1,4,1.6055,28.98,71.87,0.3763,80.29,84.36
EMP151,45,14,QA Engineer,6.2,2.16,67.05,0,11.9,3.32,0.0,0,33.96,2.92,0.1667,1.67,0.0,6.63,100.0,0,0,62.64,1,1,0.4708,28.52,38.59,0.6623,59.41,0.45
EMP152,25,1,Designer,6.64,4.33,79.77,2,16.08,2.67,50.0,0,27.24,17.1,0.1628,5.33,0.0,7.51,100.0,0,0,80.91,3,1,2.5754,26.98,21.33,0.9566,47.27,0.0
EMP153,50,21,Senior Developer,8.57,4.42,77.03,2,2.21,7.45,33.33,0,42.46,10.69,0.1379,18.67,0.0,9.31,89.54,1,0,86.07,5,3,1.2476,18.49,50.63,0.4297,65.0,50.78
EMP154,25,2,Developer,8.01,0.15,96.61,5,0.0,7.01,50.0,0,28.34,8.61,0.2093,7.33,0.0,8.04,99.7,0,0,70.94,2,3,1.0755,18.58,39.92,0.0487,78.14,57.2
EMP155,38,13,Tech Lead,8.35,13.06,89.1,1,1.03,7.64,50.0,0,42.55,11.38,0.2195,5.67,6.5,10.96,76.32,0,1,68.79,4,3,1.3632,19.15,59.1,0.3735,64.06,49.36
EMP156,32,6,Developer,8.05,6.79,95.88,1,8.62,5.58,66.67,0,44.18,3.89,0.2222,3.33,3.29,9.41,88.71,1,2,85.76,3,2,0.4835,33.7,47.4,0.6299,71.88,46.22
EMP157,42,18,Tech Lead,10.38,4.87,85.51,1,6.29,8.37,100.0,0,56.23,5.28,0.25,2.0,0.0,11.35,73.19,0,0,88.17,2,4,0.5086,10.11,36.12,0.4715,65.57,56.99
EMP158,35,13,Senior Developer,10.23,4.64,99.53,3,1.79,9.12,33.33,0,44.78,3.38,0.2391,6.67,0.0,11.16,74.76,1,1,66.82,2,4,0.3309,21.11,59.91,0.2589,78.26,50.4
EMP159,30,7,Manager,8.76,13.34,97.98,3,3.77,7.25,60.0,0,40.44,4.99,0.1765,7.33,4.44,11.43,72.6,0,0,84.16,4,3,0.57,26.94,49.08,0.5556,65.78,6.45
EMP160,38,13,Senior Developer,9.62,12.56,93.71,1,3.15,8.59,100.0,0,50.21,4.88,0.2373,5.33,3.41,11.71,70.3,0,0,77.87,3,4,0.5074,29.03,50.09,0.427,76.89,65.41
EMP161,38,6,Developer,7.96,13.06,66.41,1,4.39,6.33,100.0,0,29.02,3.87,0.1463,3.67,3.73,10.57,79.45,0,3,81.21,2,3,0.4866,23.94,68.47,0.5144,55.25,69.22
EMP162,35,2,Senior Developer,9.0,1.36,79.5,0,2.02,7.59,100.0,0,36.38,2.55,0.275,5.0,0.0,9.27,89.84,1,0,96.18,3,3,0.2837,24.8,74.87,0.1157,86.48,64.8
EMP163,40,12,Developer,9.73,13.12,99.31,0,5.82,8.07,0.0,0,52.41,3.46,0.1071,2.0,6.46,12.36,65.13,1,0,94.09,1,4,0.3555,17.2,49.23,0.7594,66.18,33.86
EMP164,32,8,Senior Developer,8.31,3.16,97.87,1,8.2,5.91,55.56,1,33.79,3.56,0.1957,2.33,0.0,8.94,92.51,0,0,64.86,2,2,0.4292,30.57,46.6,0.5025,70.24,53.25
EMP165,42,14,QA Engineer,9.17,2.77,96.27,2,2.66,7.64,50.0,2,42.36,2.6,0.2703,2.67,0.0,9.72,86.21,1,0,76.64,2,3,0.2837,13.17,84.26,0.1878,87.25,24.69
EMP166,45,3,Senior Developer,7.9,13.51,95.68,1,3.32,6.74,100.0,0,40.63,2.31,0.1515,11.67,7.95,10.61,79.14,2,1,88.62,5,3,0.292,17.98,70.37,0.3985,75.59,75.27
EMP167,45,9,Senior Developer,9.48,5.48,97.23,1,1.86,8.11,100.0,0,46.75,4.4,0.2128,2.0,1.61,10.57,79.42,1,1,68.61,1,4,0.4641,26.18,61.3,0.2698,76.55,82.04
EMP168,42,1,Manager,6.65,4.58,99.43,0,9.3,4.04,50.0,0,29.06,11.07,0.0877,3.33,0.0,7.56,100.0,2,0,60.18,2,2,1.6655,34.92,82.27,0.341,74.14,1.48
EMP169,55,14,Senior Developer,10.32,12.49,91.05,1,3.22,8.93,75.0,0,36.27,8.42,0.0833,4.0,6.21,12.82,61.44,1,0,73.05,1,4,0.8162,25.36,42.57,0.5241,59.65,61.37
EMP170,38,3,Designer,7.2,5.79,89.1,2,4.31,5.34,100.0,0,32.88,4.08,0.1538,8.67,3.24,8.36,97.13,0,1,71.43,3,2,0.5666,38.52,67.02,0.168,87.69,0.0
EMP171,42,10,Developer,8.45,0.52,92.92,4,4.37,6.83,50.0,0,31.32,4.72,0.1176,3.33,0.0,8.55,95.59,0,0,78.5,1,3,0.5591,26.22,55.06,0.3368,74.5,50.49
EMP172,35,13,Senior Developer,8.87,3.96,97.68,3,0.89,7.94,100.0,0,32.18,7.68,0.125,11.33,0.0,9.66,86.69,0,0,95.66,5,3,0.8662,15.44,83.91,0.0425,87.23,69.28
EMP173,30,8,Manager,7.03,0.49,87.35,1,13.6,3.81,50.0,0,34.94,3.88,0.25,1.67,0.0,7.13,100.0,0,0,63.44,0,1,0.5524,25.02,69.48,0.6106,73.86,0.0
EMP174,45,4,Manager,8.64,0.51,98.04,0,8.61,6.17,50.0,0,33.63,4.83,0.1034,4.33,0.0,8.74,94.04,1,2,83.4,1,3,0.559,13.94,29.41,0.4497,70.31,7.98
EMP175,35,13,Tech Lead,8.41,2.79,86.47,0,2.87,6.83,60.0,0,41.93,2.39,0.1358,5.67,0.0,8.96,92.29,0,0,77.28,9,3,0.2844,27.85,46.55,0.4885,68.3,61.67
EMP176,30,3,Developer,6.98,12.34,95.96,3,3.39,5.55,100.0,0,31.41,8.85,0.1045,7.0,5.76,9.44,88.45,1,0,80.99,2,2,1.2689,38.04,73.78,0.46,67.05,64.05
EMP177,38,14,Developer,6.0,14.66,97.16,6,3.78,4.87,40.0,0,25.68,16.35,0.2034,6.33,4.49,8.44,96.45,1,1,85.52,2,2,2.7256,28.48,61.46,0.6246,66.46,48.34
EMP178,40,18,Developer,8.82,4.16,94.17,2,4.52,7.41,77.78,0,45.33,2.89,0.1,4.67,0.0,9.65,86.8,0,1,30.56,1,3,0.3274,29.75,69.6,0.3207,83.78,72.23
EMP179,30,2,Designer,7.96,4.18,96.55,4,5.51,6.36,0.0,0,35.1,7.69,0.125,4.0,0.0,8.8,93.62,1,0,85.64,2,3,0.966,34.56,83.01,0.2892,88.9,0.0
EMP180,45,15,Tech Lead,8.09,0.28,96.17,2,7.35,5.87,50.0,0,40.33,4.47,0.2,5.0,0.0,8.14,98.87,0,1,52.29,3,2,0.5534,27.26,76.08,0.2219,95.02,40.92
EMP181,45,16,Developer,8.54,3.77,87.45,0,3.9,7.26,100.0,0,35.78,8.14,0.1724,6.0,0.0,9.29,89.66,2,0,82.72,2,3,0.9531,18.56,54.89,0.1946,80.28,61.05
EMP182,35,12,Developer,8.67,0.85,93.52,1,1.42,7.89,85.71,0,33.39,6.09,0.1408,7.0,0.0,8.84,93.25,0,1,71.51,3,3,0.702,29.09,47.61,0.3019,71.04,75.37
EMP183,30,8,Senior Developer,7.37,1.72,98.23,2,4.45,5.48,60.0,0,30.51,9.83,0.1186,2.0,0.0,7.71,100.0,3,0,94.99,0,2,1.3341,26.99,83.39,0.2025,81.7,60.6
EMP184,30,8,Developer,6.93,12.46,94.07,0,2.84,5.87,75.0,0,26.25,4.12,0.2105,8.0,5.66,9.43,88.59,0,1,87.36,3,2,0.5938,39.89,93.38,0.2999,80.84,59.94
EMP185,32,6,Senior Developer,8.81,2.42,68.62,4,9.35,6.2,100.0,0,31.01,9.67,0.2286,4.33,0.0,9.3,89.62,0,0,92.83,4,3,1.0968,28.81,72.92,0.55,71.36,62.15
EMP186,52,2,Developer,6.12,1.29,77.29,0,5.48,4.02,0.0,0,23.16,2.04,0.129,6.0,0.0,6.38,100.0,0,0,86.23,1,2,0.3327,18.54,58.71,0.2264,76.67,29.27
EMP187,38,12,Tech Lead,7.36,4.91,99.41,1,1.56,6.55,66.67,0,31.78,2.11,0.3019,14.33,0.0,8.34,97.25,2,1,97.4,6,3,0.2867,21.02,51.48,0.0548,85.51,58.98
EMP188,35,12,Developer,9.58,5.01,87.79,2,2.12,8.66,60.0,0,39.11,3.65,0.2424,4.33,1.55,10.58,79.33,0,0,53.36,1,4,0.3805,15.99,90.05,0.263,90.77,54.65
EMP189,38,4,Manager,7.91,8.6,95.99,2,3.84,6.52,75.0,0,45.6,6.83,0.1538,4.67,4.87,9.34,89.27,0,0,91.04,2,3,0.8639,31.3,48.22,0.3379,75.64,0.0
EMP190,40,6,Senior Developer,7.92,2.99,99.98,4,2.35,6.95,50.0,0,34.34,2.35,0.1333,2.67,0.0,8.52,95.84,1,0,93.24,2,3,0.2972,22.24,84.65,0.0534,88.19,63.83
EMP191,28,2,Developer,8.43,0.96,86.55,0,4.28,6.83,83.33,0,33.11,4.86,0.2381,3.67,0.0,8.62,95.02,1,0,68.5,2,3,0.5764,10.74,62.28,0.1469,90.4,68.52
EMP192,42,5,Developer,7.07,1.37,96.43,0,2.36,6.09,100.0,0,30.73,2.4,0.1408,4.33,0.0,7.34,100.0,1,1,70.48,4,3,0.3397,18.85,41.0,0.1252,85.52,68.24
EMP193,38,14,Developer,10.81,10.15,82.6,1,10.66,7.68,100.0,0,42.06,4.51,0.1053,5.67,4.84,12.84,61.29,1,0,72.15,1,3,0.4177,34.45,63.86,0.6465,59.91,51.19
EMP194,38,13,Tech Lead,9.72,1.3,98.18,2,5.95,7.78,50.0,0,49.77,5.58,0.2069,2.67,0.0,9.98,84.13,0,0,94.74,3,3,0.5741,10.48,79.0,0.3837,81.18,47.59
EMP195,42,19,Senior Developer,6.0,3.98,87.29,2,1.16,5.06,75.0,0,38.45,6.1,0.2564,2.33,0.0,6.66,100.0,0,1,86.57,2,2,1.0162,23.67,51.83,0.0409,85.28,72.98
EMP196,30,5,Tech Lead,8.21,1.72,96.3,4,1.04,7.25,81.82,0,43.05,12.34,0.1358,10.0,0.0,8.56,95.55,2,1,93.07,9,3,1.5031,22.53,72.26,0.1498,93.64,86.74
EMP197,35,11,Developer,6.0,0.79,96.38,4,4.28,4.39,75.0,0,25.59,4.39,0.1818,3.0,0.0,6.16,100.0,0,0,87.49,2,2,0.7322,39.45,87.82,0.274,90.21,63.09
EMP198,50,10,Senior Developer,8.77,9.75,90.68,1,21.86,3.64,0.0,0,43.49,3.35,0.28,6.67,3.1,10.72,78.26,0,0,96.55,2,1,0.3824,34.6,96.84,1.0,61.88,8.35
EMP199,42,9,Tech Lead,8.49,4.74,92.77,2,15.79,5.35,0.0,0,52.83,10.37,0.2258,5.67,0.0,9.28,89.8,1,0,90.88,0,2,1.2227,19.05,80.34,0.7885,62.85,27.23
EMP200,28,6,Manager,8.1,2.5,92.03,2,7.78,5.8,100.0,0,29.32,3.05,0.2182,9.33,0.0,8.6,95.16,0,2,67.4,3,2,0.3768,34.87,51.61,0.353,71.83,0.0
EMP201,30,7,Tech Lead,7.67,1.28,91.45,2,4.08,6.1,33.33,0,32.85,8.56,0.2727,6.33,0.0,7.92,100.0,0,0,63.55,3,3,1.1159,20.55,87.55,0.0408,89.7,40.87
EMP202,28,4,Senior Developer,9.98,4.07,91.23,1,8.13,8.12,50.0,0,63.76,4.82,0.14,6.0,0.0,10.66,78.76,0,0,71.48,2,4,0.4831,19.36,82.17,0.6005,71.23,45.99
EMP203,42,16,Senior Developer,7.25,2.08,88.2,4,1.03,6.3,50.0,1,29.53,6.4,0.15,4.0,0.0,7.67,100.0,0,1,58.5,2,3,0.8825,21.35,58.66,0.1251,85.99,60.12
EMP204,35,11,Developer,8.09,14.16,92.63,1,3.96,6.3,100.0,0,37.48,3.86,0.1831,9.0,3.46,10.92,76.63,0,1,80.32,3,3,0.4772,19.3,69.88,0.6641,67.65,68.8
EMP205,30,7,Manager,8.62,0.69,99.4,0,6.18,6.63,75.0,0,41.63,5.36,0.0926,5.33,0.0,8.76,93.96,1,0,93.54,3,3,0.6221,11.46,56.36,0.2459,74.85,6.78
EMP206,30,2,Designer,9.06,14.52,91.26,0,2.1,7.89,100.0,0,49.22,12.0,0.1231,6.67,5.54,11.96,68.31,1,0,78.92,2,3,1.3253,10.1,87.71,0.4339,74.7,7.79
EMP207,25,1,Senior Developer,7.0,0.17,94.34,2,0.0,6.25,60.0,0,30.17,14.21,0.131,4.67,0.0,7.04,100.0,0,0,89.48,7,3,2.0286,20.72,75.01,0.0304,87.9,64.57
EMP208,42,5,Developer,8.34,5.71,79.42,0,2.02,7.19,71.43,0,30.13,4.19,0.1607,7.33,1.69,9.49,88.11,1,0,53.15,5,3,0.5026,33.92,85.59,0.3082,85.24,65.97
EMP209,45,3,Developer,9.57,2.41,92.63,1,2.44,8.59,50.0,0,34.67,3.63,0.1094,6.33,0.0,10.06,83.55,0,0,51.52,6,4,0.3797,26.23,37.13,0.3883,69.21,46.87
EMP210,42,3,Senior Developer,7.75,2.89,77.46,3,9.22,5.47,100.0,0,40.36,10.48,0.2619,7.33,0.0,8.23,98.13,0,0,85.5,4,2,1.3512,24.16,75.0,0.3242,83.94,73.72
EMP211,38,4,Senior Developer,8.16,4.54,86.76,1,2.18,6.97,60.0,0,39.13,2.23,0.125,6.33,0.0,9.06,91.48,0,0,81.34,1,3,0.2732,35.37,35.78,0.0846,88.51,59.44
EMP212,35,4,Manager,10.53,1.7,83.26,0,6.39,8.5,66.67,0,48.85,4.0,0.1034,5.0,0.0,10.87,77.05,0,1,74.53,2,4,0.38,16.44,38.24,0.3684,63.94,4.83
EMP213,40,13,QA Engineer,8.43,0.61,97.34,2,2.31,7.22,66.67,0,42.1,4.94,0.1458,5.33,0.0,8.55,95.61,1,0,71.53,6,3,0.5858,39.81,61.45,0.0,91.13,6.59
EMP214,52,12,Developer,8.23,2.89,89.61,0,0.0,7.23,0.0,0,35.62,7.03,0.1379,2.67,0.0,8.81,93.55,2,0,86.69,1,3,0.8541,29.56,60.05,0.0437,88.37,50.75
EMP215,38,3,Developer,9.7,1.46,99.35,0,1.45,8.41,100.0,0,39.91,2.38,0.2174,6.33,0.0,10.0,84.04,1,0,73.01,2,4,0.245,25.51,45.15,0.2572,74.76,67.44
EMP216,32,7,Tech Lead,8.77,0.12,63.63,1,5.32,6.95,42.86,1,44.53,5.0,0.1379,6.67,0.0,8.79,93.67,1,0,92.81,2,3,0.5705,22.98,59.84,0.3215,86.13,54.79
EMP217,42,11,Senior Developer,10.05,0.46,88.76,1,6.94,7.9,40.0,0,59.44,3.44,0.15,1.67,0.0,10.13,82.95,0,3,82.55,0,3,0.3426,16.69,69.87,0.3408,76.3,55.21
EMP218,35,9,Developer,7.45,4.3,95.8,1,7.84,5.38,0.0,0,26.63,3.97,0.2286,2.0,0.0,8.31,97.52,1,1,51.53,2,2,0.5333,15.92,60.31,0.3404,82.24,24.83
EMP219,38,13,Developer,7.89,13.58,96.27,1,2.56,6.63,75.0,0,31.31,3.55,0.1558,7.67,6.83,10.6,79.17,0,0,78.69,7,3,0.45,16.32,44.84,0.464,72.87,60.23
EMP220,48,23,Tech Lead,6.24,1.0,91.46,2,4.39,4.62,50.0,0,27.58,8.51,0.2683,5.33,0.0,6.44,100.0,0,0,90.35,2,2,1.3624,14.3,56.64,0.0816,82.73,49.51
EMP221,45,7,Designer,7.86,2.95,92.12,4,1.76,6.76,50.0,0,37.7,19.61,0.1548,14.33,0.0,8.45,96.38,1,0,68.02,6,3,2.4941,25.91,66.08,0.1086,86.49,8.73
EMP222,38,4,Tech Lead,9.67,0.13,78.47,2,5.4,8.09,66.67,0,35.21,4.55,0.0769,6.0,0.0,9.69,86.46,0,0,77.85,2,4,0.4705,36.61,55.1,0.2293,78.73,55.28
EMP223,50,9,Developer,8.63,2.96,93.08,1,0.94,7.94,100.0,0,45.47,7.03,0.2667,2.67,0.0,9.22,90.25,0,1,80.51,2,3,0.8144,37.08,80.86,0.2609,78.72,76.67
EMP224,30,8,Designer,10.35,4.16,91.61,1,3.3,8.94,0.0,0,45.27,4.56,0.1081,5.67,0.0,11.18,74.57,2,0,66.56,3,4,0.4407,14.03,57.95,0.4448,73.89,11.25
EMP225,35,3,Developer,8.8,9.11,83.67,1,1.51,8.05,62.5,0,47.14,2.74,0.1429,7.33,2.1,10.31,81.48,2,1,80.94,2,4,0.3117,23.09,50.27,0.3423,78.07,65.7
EMP226,50,15,Developer,9.66,4.58,91.57,0,2.97,8.32,100.0,0,38.71,4.68,0.25,6.33,0.0,10.58,79.36,0,0,47.33,2,4,0.4846,32.87,58.73,0.2783,70.48,66.02
EMP227,32,3,Developer,8.55,0.07,80.81,1,5.9,6.87,50.0,0,40.85,4.55,0.1667,3.33,0.0,8.56,95.52,1,0,68.47,1,3,0.5329,23.61,56.87,0.2363,80.12,47.01
EMP228,38,11,Tech Lead,7.33,3.34,97.08,0,11.63,4.01,50.0,0,35.56,9.81,0.2931,7.0,0.0,8.0,99.98,1,1,76.17,4,2,1.3379,35.64,85.07,0.6049,82.34,37.01
EMP229,38,9,Tech Lead,6.73,14.82,98.6,1,0.0,5.73,54.55,2,24.12,3.85,0.2,4.0,6.79,9.7,86.43,1,0,78.89,0,2,0.5714,32.21,96.13,0.1162,85.64,71.51
EMP230,35,8,Tech Lead,6.88,2.36,93.89,1,4.04,5.57,100.0,0,25.96,5.26,0.2,4.67,0.0,7.35,100.0,0,1,91.8,2,2,0.7644,13.66,79.1,0.1924,86.91,66.62
EMP231,30,7,Designer,9.2,11.24,83.42,2,1.62,8.38,0.0,0,47.62,3.45,0.1875,5.33,3.5,11.45,72.37,0,0,83.05,3,4,0.3746,10.81,67.15,0.297,78.43,5.37
EMP232,48,22,Tech Lead,7.2,11.58,96.05,3,0.58,6.33,100.0,0,39.49,9.73,0.1892,7.33,4.16,9.51,87.89,0,0,63.81,1,3,1.3515,34.07,76.2,0.371,77.71,78.11
EMP233,40,17,Developer,8.45,4.87,86.94,1,1.07,7.24,100.0,0,42.63,7.55,0.2143,4.33,0.0,9.43,88.57,0,0,93.67,4,3,0.893,34.53,31.65,0.2057,75.44,100.0
EMP234,35,3,Senior Developer,6.15,4.65,97.39,3,5.14,4.62,50.0,0,26.24,11.31,0.2609,5.33,0.0,7.08,100.0,0,0,93.51,2,2,1.8405,22.44,91.03,0.3769,85.95,50.78
EMP235,42,19,Developer,9.48,11.07,93.63,1,1.77,8.63,100.0,0,51.04,9.79,0.2444,4.67,4.74,11.69,70.44,1,0,76.57,4,4,1.0324,34.22,40.98,0.4236,64.45,64.32
EMP236,28,5,Developer,9.19,9.89,94.72,2,4.83,7.47,100.0,0,38.02,11.91,0.098,8.67,4.61,11.17,74.65,0,1,71.41,6,3,1.2955,31.39,82.5,0.5274,68.82,89.43
EMP237,40,7,Developer,9.89,0.15,97.15,1,11.83,6.77,66.67,0,45.95,4.94,0.1852,5.67,0.0,9.92,84.66,0,0,85.86,3,3,0.5001,29.62,68.6,0.501,74.94,55.34
EMP238,35,2,Designer,7.95,12.43,90.11,3,7.83,5.89,58.33,0,36.56,3.71,0.24,3.67,5.43,10.44,80.5,0,0,75.2,1,2,0.4659,11.59,44.21,0.8521,50.57,7.2
EMP239,32,5,Senior Developer,7.85,2.87,94.77,2,4.28,6.24,100.0,0,31.84,3.59,0.2564,5.67,0.0,8.43,96.59,0,0,96.77,3,3,0.4576,11.77,80.96,0.1467,79.37,71.95
EMP240,42,18,Developer,7.84,2.98,88.67,2,4.03,6.28,66.67,0,27.66,5.79,0.2368,4.67,0.0,8.43,96.53,0,0,67.4,1,3,0.7393,33.71,58.77,0.3014,78.24,58.92
EMP241,30,3,Developer,8.22,2.46,97.65,1,3.42,6.78,50.0,0,38.44,4.72,0.1724,4.0,0.0,8.71,94.33,0,0,85.42,2,3,0.5739,31.87,66.31,0.163,82.51,63.74
EMP242,40,11,Tech Lead,8.24,0.52,93.93,1,10.42,5.16,66.67,0,43.26,8.84,0.2308,12.0,0.0,8.35,97.24,0,0,86.65,6,2,1.0723,33.97,62.93,0.4935,76.51,45.46
EMP243,25,3,QA Engineer,8.63,4.81,94.16,3,1.37,7.85,100.0,0,39.28,4.53,0.2121,3.33,0.0,9.59,87.29,1,0,76.8,1,3,0.5249,17.76,34.23,0.1814,72.16,9.04
EMP244,25,2,Developer,9.62,0.34,94.89,1,2.42,8.14,50.0,0,43.55,6.71,0.0769,7.33,0.0,9.69,86.5,1,0,60.26,2,4,0.698,26.64,48.55,0.3153,74.18,53.12
EMP245,35,6,Senior Developer,7.58,14.96,91.57,5,13.58,4.11,50.0,0,35.99,8.25,0.0909,3.33,5.66,10.57,79.43,0,0,48.31,2,2,1.0889,15.73,52.1,0.7071,54.19,28.37
EMP246,38,2,Tech Lead,8.09,2.28,95.93,1,0.96,6.9,100.0,0,41.07,2.61,0.1176,5.0,0.0,8.54,95.66,0,0,77.06,2,3,0.3229,24.39,55.5,0.0,82.45,75.98
EMP247,30,8,Developer,7.51,11.26,83.8,0,0.74,6.86,80.0,0,37.46,6.63,0.2439,4.67,3.47,9.76,85.94,1,0,74.94,2,3,0.8835,25.3,47.66,0.3013,71.19,66.29
EMP248,35,2,Developer,8.67,1.71,96.92,2,5.45,6.58,33.33,0,34.54,7.18,0.1053,3.0,0.0,9.01,91.92,0,2,75.33,0,3,0.8288,16.62,72.4,0.2579,83.59,42.49
EMP249,42,15,Designer,8.64,1.0,79.57,1,4.14,7.06,50.0,0,47.06,7.9,0.2603,9.33,0.0,8.84,93.28,0,0,83.54,4,3,0.9146,25.86,29.88,0.3453,69.49,0.0
EMP250,32,6,Designer,8.37,1.51,91.07,0,2.55,6.86,100.0,0,43.88,2.37,0.2,5.67,0.0,8.67,94.62,0,0,94.69,2,3,0.283,18.38,25.53,0.2408,79.82,3.99
EMP251,35,11,Senior Developer,9.97,2.45,69.91,0,4.1,8.65,0.0,0,46.94,6.48,0.0968,3.33,0.0,10.46,80.34,1,0,85.77,1,4,0.6506,10.79,61.33,0.3854,75.81,43.96
EMP252,40,1,Developer,8.34,2.94,78.81,0,5.66,6.21,83.33,0,40.79,6.79,0.2895,10.33,0.0,8.93,92.55,0,0,87.88,3,3,0.8136,23.86,55.49,0.2958,77.06,63.96
EMP253,50,22,Developer,8.96,8.27,86.89,0,2.12,7.79,50.0,0,41.5,2.66,0.2388,11.0,3.94,10.62,79.06,0,0,67.15,5,3,0.2969,16.78,82.5,0.3146,76.1,45.83
EMP254,35,4,Manager,10.5,4.85,95.62,1,3.56,9.41,66.67,0,65.95,14.88,0.2258,2.0,0.0,11.31,73.54,2,0,67.54,0,4,1.417,37.83,69.94,0.5423,68.8,9.03
EMP255,30,5,Manager,8.88,4.17,96.37,1,0.52,8.28,100.0,0,34.35,3.06,0.1695,4.0,0.0,9.71,86.29,2,2,75.04,5,4,0.3445,14.76,60.04,0.1405,77.06,0.0
EMP256,42,8,Manager,8.36,2.48,88.66,2,10.38,6.13,100.0,0,43.62,7.8,0.1064,4.33,0.0,8.77,93.83,1,0,47.8,1,3,0.9338,26.63,60.71,0.5,73.55,3.34
EMP257,32,5,Developer,8.36,12.65,95.7,1,2.47,7.11,50.0,0,44.58,11.66,0.28,8.67,2.67,10.89,76.9,0,1,84.72,3,3,1.395,35.45,73.17,0.4859,71.45,51.81
EMP258,25,1,Manager,8.04,6.84,94.46,1,0.7,7.15,50.0,1,43.51,5.89,0.2571,6.67,3.59,9.4,88.77,1,1,90.43,2,3,0.7335,28.64,29.77,0.2585,77.22,8.41
EMP259,45,8,Senior Developer,9.75,0.14,94.87,2,7.8,7.7,71.43,0,61.01,2.63,0.1333,6.0,0.0,9.77,85.8,1,1,68.2,3,3,0.2699,24.89,40.52,0.5535,68.53,60.29
EMP260,32,10,Tech Lead,10.06,4.34,81.44,3,7.02,7.65,50.0,0,36.73,2.25,0.0938,6.67,0.0,10.92,76.61,0,2,76.82,2,3,0.2233,29.11,81.33,0.5095,72.29,52.18
EMP261,45,20,Developer,8.52,2.92,78.8,0,6.85,6.4,100.0,0,45.58,5.68,0.1148,4.67,0.0,9.11,91.15,0,2,75.27,3,3,0.6663,38.48,55.16,0.3362,74.94,67.71
EMP262,50,24,Developer,10.08,1.79,55.93,3,7.17,7.9,0.0,0,47.42,6.37,0.0984,5.67,0.0,10.44,80.47,0,0,84.56,6,3,0.6319,30.8,76.59,0.5236,70.58,32.7
EMP263,30,4,Developer,9.47,0.17,98.22,0,4.03,7.91,100.0,0,44.49,5.76,0.1481,4.0,0.0,9.5,87.99,0,0,87.97,3,3,0.6084,11.92,80.5,0.4355,78.92,88.18
EMP264,32,3,Developer,10.72,10.25,75.21,0,1.35,9.69,100.0,0,43.86,12.49,0.2727,3.67,6.15,12.77,61.88,2,1,57.55,1,4,1.1658,20.59,54.43,0.5846,55.92,61.56
EMP265,38,2,Senior Developer,8.65,0.17,96.91,2,2.71,7.7,100.0,0,44.35,6.93,0.0759,6.67,0.0,8.68,94.56,0,1,65.68,3,3,0.8011,30.1,60.01,0.2896,80.11,72.5
EMP266,38,1,Developer,7.16,4.36,96.82,1,8.1,5.04,83.33,0,29.28,4.0,0.1333,2.67,0.0,8.03,99.73,0,1,70.4,1,2,0.5589,22.87,83.98,0.2796,94.53,59.92
EMP267,30,1,Manager,8.25,1.58,93.44,3,5.98,6.3,77.78,0,30.74,3.61,0.2162,8.67,0.0,8.56,95.5,1,1,74.53,3,3,0.4372,18.39,72.11,0.3614,82.76,7.97
EMP268,30,8,Designer,6.78,4.19,99.8,0,2.54,5.27,90.0,0,35.47,3.87,0.0882,2.0,0.0,7.62,100.0,1,0,76.64,1,2,0.5707,15.21,64.69,0.2692,81.97,0.0
EMP269,55,16,Senior Developer,11.49,2.61,99.64,0,2.67,10.0,100.0,0,48.17,2.6,0.1607,7.0,0.0,12.01,67.92,0,2,75.98,4,5,0.2262,27.92,46.63,0.4718,70.85,78.82
EMP270,38,15,Senior Developer,12.0,5.9,99.73,2,4.64,10.0,0.0,0,47.16,4.01,0.1154,6.33,2.94,13.18,58.55,0,1,95.28,1,5,0.3345,19.27,30.84,0.5407,69.01,37.6
EMP271,38,11,Senior Developer,8.38,4.72,95.2,2,7.5,5.88,83.33,0,36.03,9.05,0.1667,3.67,0.0,9.32,89.42,0,0,78.87,2,2,1.0802,14.67,76.5,0.3976,71.47,63.74
EMP272,52,27,Developer,9.11,3.31,99.95,2,0.0,8.36,0.0,0,46.02,2.17,0.1282,5.67,0.0,9.77,85.82,0,0,64.95,4,4,0.2376,29.32,60.87,0.3169,82.75,46.85
EMP273,32,8,Developer,10.62,0.17,89.68,1,6.99,8.22,50.0,0,56.0,4.38,0.2368,3.67,0.0,10.65,78.76,0,1,68.26,1,4,0.4123,28.26,16.69,0.4458,58.19,44.47
EMP274,35,9,Manager,7.26,4.32,89.1,1,6.23,5.26,50.0,0,32.54,8.35,0.2917,7.67,0.0,8.12,99.04,0,0,73.22,4,2,1.1507,35.91,86.34,0.4199,83.07,8.85
EMP275,45,9,Senior Developer,7.68,7.75,69.88,2,18.73,3.18,83.33,0,26.96,8.54,0.1455,14.33,2.11,9.23,90.18,0,0,82.98,5,1,1.1126,32.02,51.98,0.8836,51.03,44.57
EMP276,28,5,Developer,9.21,5.9,83.6,2,2.98,7.86,0.0,0,43.31,7.16,0.2195,9.0,2.79,10.39,80.91,0,0,73.64,4,3,0.7779,38.12,72.41,0.3409,73.04,36.27
EMP277,38,9,Developer,7.59,5.45,92.07,0,6.8,5.71,33.33,0,37.58,3.98,0.0968,5.0,1.63,8.5,96.0,1,1,77.14,1,2,0.5246,16.85,38.03,0.2912,76.13,36.13
EMP278,35,9,Developer,8.49,3.44,90.74,1,8.63,6.27,50.0,0,46.42,11.15,0.1509,5.67,0.0,9.18,90.54,0,0,67.95,1,3,1.3124,32.02,65.44,0.5485,72.42,40.9
EMP279,45,15,Senior Developer,9.5,3.31,77.9,0,3.25,8.35,100.0,0,41.87,4.49,0.2188,8.67,0.0,10.16,82.73,3,0,79.55,2,4,0.4727,39.56,79.51,0.3455,79.14,68.87
EMP280,45,18,Developer,7.72,0.86,86.36,0,4.02,6.16,100.0,0,30.72,2.17,0.2222,16.67,0.0,7.89,100.0,0,0,93.13,6,3,0.2806,27.84,58.72,0.2904,85.1,90.39
EMP281,40,14,Senior Developer,9.16,1.1,93.37,3,2.81,7.85,100.0,0,49.51,9.31,0.1771,10.0,0.0,9.38,88.96,0,1,80.0,10,3,1.0159,19.36,58.03,0.4223,73.74,59.74
EMP282,35,4,Developer,8.72,10.83,95.69,1,9.99,6.55,100.0,0,41.25,4.0,0.2364,9.67,3.45,10.52,79.8,0,1,86.53,4,3,0.4584,14.97,50.72,0.5027,64.65,57.26
EMP283,38,16,Senior Developer,8.93,3.36,96.18,1,0.0,8.18,45.45,1,48.45,2.7,0.0769,10.33,0.0,9.6,87.19,1,0,46.73,3,4,0.3024,39.41,45.58,0.1175,93.69,63.14
EMP284,38,8,QA Engineer,7.56,0.24,89.98,2,8.9,5.03,40.0,0,39.09,3.28,0.2308,8.67,0.0,7.61,100.0,1,0,94.8,2,2,0.4337,22.97,69.48,0.2555,83.26,6.59
EMP285,30,7,Designer,10.23,0.39,96.54,3,2.21,9.04,50.0,0,42.87,2.12,0.1875,5.0,0.0,10.31,81.54,1,1,61.58,4,4,0.2069,23.6,74.08,0.3157,82.84,1.32
EMP286,25,1,Senior Developer,11.93,1.1,85.85,1,5.25,10.0,83.33,0,46.95,5.14,0.2222,7.0,0.0,12.15,66.79,1,0,79.78,3,5,0.4311,20.29,67.7,0.4751,67.71,69.17
EMP287,30,6,Manager,7.65,3.12,98.22,0,10.79,4.75,100.0,0,29.87,2.71,0.2353,2.0,0.0,8.28,97.79,0,0,84.82,1,2,0.3535,21.3,39.2,0.5156,71.07,3.47
EMP288,45,7,Tech Lead,9.19,12.38,84.65,2,0.96,8.03,100.0,0,40.38,7.06,0.1935,2.67,6.77,11.25,73.98,0,0,89.81,1,4,0.7684,38.0,56.14,0.3929,73.29,70.43
EMP289,28,4,Developer,8.25,2.53,88.16,1,1.72,6.91,50.0,0,42.69,14.04,0.12,14.67,0.0,8.76,93.95,0,0,50.07,7,3,1.7016,11.03,43.05,0.2031,75.3,48.9
EMP290,35,4,QA Engineer,9.31,2.99,91.85,1,10.6,6.69,42.86,1,48.01,7.52,0.119,4.33,0.0,9.91,84.76,0,0,78.36,3,3,0.8081,12.05,67.66,0.5689,66.32,0.0
EMP291,32,4,Developer,8.66,5.28,97.51,2,1.43,7.88,66.67,0,42.48,14.86,0.2241,9.67,2.84,9.72,86.26,1,0,52.93,3,3,1.7153,18.29,69.59,0.4491,74.53,62.04
EMP292,38,5,Manager,9.44,0.88,91.21,2,1.95,8.3,80.0,0,43.72,3.16,0.1905,2.33,0.0,9.62,87.05,0,0,47.2,0,4,0.3348,31.67,76.26,0.3163,85.99,15.82
EMP293,40,1,Designer,7.8,0.07,93.68,1,4.33,6.18,100.0,0,31.4,9.68,0.087,2.33,0.0,7.81,100.0,1,0,86.38,1,3,1.2418,21.88,41.38,0.1419,76.81,0.43
EMP294,40,14,Senior Developer,6.27,4.87,88.55,1,3.35,5.1,80.0,0,29.15,8.57,0.2759,10.0,0.0,7.25,100.0,2,0,78.28,3,2,1.3667,20.27,38.14,0.4839,68.16,71.09
EMP295,48,18,Manager,7.63,2.47,87.8,2,15.0,4.13,100.0,0,27.2,10.18,0.1429,3.67,0.0,8.12,99.03,1,0,84.84,3,2,1.3342,30.5,52.8,0.6642,60.95,6.5
EMP296,38,6,Designer,9.7,2.08,84.95,2,4.08,8.14,100.0,0,37.8,4.06,0.1628,6.33,0.0,10.12,83.05,0,0,75.64,3,4,0.418,26.36,43.19,0.3787,76.27,10.83
EMP297,35,3,Senior Developer,7.31,0.73,93.32,2,3.4,6.0,71.43,0,41.99,6.88,0.2727,11.67,0.0,7.44,100.0,0,0,68.88,2,2,0.9407,12.48,69.73,0.1704,78.09,64.35
EMP298,28,4,Developer,8.74,9.75,90.6,1,25.18,2.96,100.0,0,47.25,3.03,0.186,2.67,4.91,10.69,78.46,2,0,78.12,4,1,0.347,19.37,51.5,0.8942,52.3,25.97
EMP299,42,3,Manager,9.97,14.89,92.71,1,1.98,9.08,50.0,0,44.71,9.71,0.1379,5.67,8.09,12.95,60.38,1,0,76.76,2,4,0.9731,16.32,48.06,0.4705,65.07,3.72
EMP300,48,12,Developer,9.66,4.67,95.45,3,15.93,5.72,0.0,0,49.49,3.75,0.08,5.33,0.0,10.59,79.28,1,0,54.63,1,2,0.388,17.91,91.62,0.6911,77.33,21.83
